value_tier,customers,churned_customers,historical_revenue,revenue_at_risk,churn_rate_pct
At Risk,21993,21993,4705287.12,4581724.715,100.0
Developing,22239,6999,3050478.47,923410.01,31.47
Lost,15350,15350,615015.92,612111.3383333334,100.0
Loyal,27264,10910,3066475.87,1394520.6128174604,40.02
VIP,6512,0,1784240.73,0.0,0.0
