value_tier,customers,revenue,avg_clv,avg_recency_days
At Risk,21993,4705287.12,213.94476060564725,393.4435956895376
Loyal,27264,3066475.87,112.47344006748827,144.15320569248826
Developing,22239,3050478.47,137.16796933315348,132.82697063716893
VIP,6512,1784240.73,273.9927410933661,91.39649877149877
Lost,15350,615015.92,40.06618371335505,396.1861237785016
